Epoch,Training Loss,Test Loss,Test Accuracy
1,,1.7313,38
2,1.924117,1.6092,43
3,1.701073,1.5179,46
4,1.624352,1.4543,49
5,1.512430,1.4006,51
6,1.601840,1.3805,51
7,1.469283,1.3407,53
8,1.550092,1.3396,54
9,1.284916,1.3140,55
10,1.383375,1.3307,54

